{
  "LR": {
    "f1_macro_mean": 0.8235673989631156,
    "f1_macro_std": 0.0007096606873447079,
    "acc_mean": 0.8263149482342671,
    "acc_std": 0.0009924022769746558
  },
  "SVM": {
    "f1_macro_mean": 0.8935524680671104,
    "f1_macro_std": 0.001997883289650054,
    "acc_mean": 0.8951159912192752,
    "acc_std": 0.0019125621552874904
  },
  "CNB": {
    "f1_macro_mean": 0.8060254465279348,
    "f1_macro_std": 0.003895467944761271,
    "acc_mean": 0.8139224226253416,
    "acc_std": 0.003970649028496355
  }
}