{
  "clean_only": 0.8221659555365166,
  "clean+stop": 0.8162229019417648,
  "clean+lemma": 0.8137429231266589,
  "clean+stop+lemma": 0.8178832245224598
}